--
-- PostgreSQL database dump
--

-- Dumped from database version 9.6.12
-- Dumped by pg_dump version 10.10 (Ubuntu 10.10-0ubuntu0.18.04.1)

--
-- Data for Name: beacon_data_table; Type: TABLE DATA; Schema: public; Owner: beacon
--

COPY public.beacon_data_table (index, datasetid, start, chromosome, reference, alternate, "end", aggregatedvarianttype, allelecount, callcount, frequency, varianttype) FROM stdin;
1	GRCh38:beacon_test:2030-01-01	16050074	22	A	G	16050075	SNP	1	5008	0.000199681002	SNP
2	GRCh38:beacon_test:2030-01-01	16064512	22	A	AAGAATGGCCTAATAC	16064513	INDEL	21	5008	0.00419329014	INS
3	GRCh38:beacon_test:2030-01-01	16497140	22	CTT	C	16497143	INDEL	4	5008	0.000798721972	DEL
4	GRCh38:beacon_test:2030-01-01	16517679	22	GACAA	G	16517684	INDEL	3	5008	0.000599041989	DEL
5	GRCh38:beacon_test:2030-01-01	16539540	22	A	AC	16539541	INDEL	7	5008	0.00139776	INS
6	GRCh38:beacon_test:2030-01-01	16577043	22	TG	AG	16577045	INDEL	17	5008	0.00339456997	SNP
7	GRCh38:beacon_test:2030-01-01	16577043	22	TG	T	16577045	INDEL	47	5008	0.00938498043	DEL
8	GRCh38:beacon_test:2030-01-01	16879600	22	T	TA	16879601	INDEL	314	5008	0.0626996979	INS
9	GRCh38:beacon_test:2030-01-01	16879600	22	T	TAA	16879601	INDEL	116	5008	0.0231628995	INS
10	GRCh38:beacon_test:2030-01-01	17300407	22	A	G	17300408	SNP	4723	5008	0.943090975	SNP
11	GRCh38:beacon_test:2030-01-01	17301525	22	ATACATAGTC	A	17301535	INDEL	2932	5008	0.585462987	DEL
12	GRCh38:beacon_test:2030-01-01	17302971	22	C	A	17302972	SNP	2931	5008	0.585264027	SNP
13	GRCh38:beacon_test:2030-01-01	19617926	22	GTCT	GTCTTCT	19617930	INDEL	118	5008	0.0235622991	INS
14	GRCh38:beacon_test:2030-01-01	19617926	22	GTCT	GTCTTCTTCT	19617930	INDEL	17	5008	0.00339456997	INS
15	GRCh38:beacon_test:2030-01-01	19617926	22	GTCT	G	19617930	INDEL	182	5008	0.0363418981	DEL
16	GRCh38:beacon_test:2030-01-01	16577043	2	TG	AG	16577045	INDEL	17	5008	0.00339456997	SNP
17	GRCh38:beacon_test:2030-01-01	16577043	2	TG	T	16577045	INDEL	47	5008	0.00938498043	DEL
18	GRCh38:beacon_test2:2030-01-01	16050074	22	A	G	16050075	SNP	1	5008	0.000199681002	SNP
19	GRCh38:beacon_test2:2030-01-01	16064512	22	A	AAGAATGGCCTAATAC	16064513	INDEL	21	5008	0.00419329014	INS
20	GRCh38:beacon_test2:2030-01-01	16497140	22	CTT	C	16497143	INDEL	4	5008	0.000798721972	DEL
21	GRCh38:beacon_test2:2030-01-01	16517679	22	GACAA	G	16517684	INDEL	3	5008	0.000599041989	DEL
22	GRCh38:beacon_test2:2030-01-01	16539540	22	A	AC	16539541	INDEL	7	5008	0.00139776	INS
23	GRCh38:beacon_test2:2030-01-01	16577043	22	TG	AG	16577045	INDEL	17	5008	0.00339456997	SNP
24	GRCh38:beacon_test2:2030-01-01	16577043	22	TG	T	16577045	INDEL	47	5008	0.00938498043	DEL
25	GRCh38:beacon_test2:2030-01-01	16879600	22	T	TA	16879601	INDEL	314	5008	0.0626996979	INS
26	GRCh38:beacon_test2:2030-01-01	16879600	22	T	TAA	16879601	INDEL	116	5008	0.0231628995	INS
27	GRCh38:beacon_test2:2030-01-01	17300407	22	A	G	17300408	SNP	4723	5008	0.943090975	SNP
28	GRCh38:beacon_test2:2030-01-01	17301525	22	ATACATAGTC	A	17301535	INDEL	2932	5008	0.585462987	DEL
29	GRCh38:beacon_test2:2030-01-01	17302971	22	C	A	17302972	SNP	2931	5008	0.585264027	SNP
30	GRCh38:beacon_test2:2030-01-01	19617926	22	GTCT	GTCTTCT	19617930	INDEL	118	5008	0.0235622991	INS
31	GRCh38:beacon_test2:2030-01-01	19617926	22	GTCT	GTCTTCTTCT	19617930	INDEL	17	5008	0.00339456997	INS
32	GRCh38:beacon_test2:2030-01-01	19617926	22	GTCT	G	19617930	INDEL	182	5008	0.0363418981	DEL
33	GRCh38:beacon_test2:2030-01-01	16577043	2	TG	AG	16577045	INDEL	17	5008	0.00339456997	SNP
34	GRCh38:beacon_test2:2030-01-01	16577043	2	TG	T	16577045	INDEL	47	5008	0.00938498043	DEL
\.


--
-- Data for Name: beacon_dataset_counts_table; Type: TABLE DATA; Schema: public; Owner: beacon
--

COPY public.beacon_dataset_counts_table (datasetid, callcount, variantcount) FROM stdin;
GRCh38:beacon_test:2030-01-01	12	17
GRCh38:beacon_test2:2030-01-01	12	17
\.


--
-- Data for Name: beacon_dataset_table; Type: TABLE DATA; Schema: public; Owner: beacon
--

COPY public.beacon_dataset_table (index, name, datasetid, description, assemblyid, createdatetime, updatedatetime, version, samplecount, externalurl, accesstype) FROM stdin;
1	1000 genomoe	GRCh38:beacon_test:2030-01-01		GRCh38	2030-01-01 11:00:00+00	2030-01-01 11:00:00+00	v0.4	2504		PUBLIC
2	1000 genomoe	GRCh38:beacon_test2:2030-01-01		GRCh38	2030-01-01 11:00:00+00	2030-01-01 11:00:00+00	v0.4	2504		PUBLIC
\.


--
-- Data for Name: beacon_mate_table; Type: TABLE DATA; Schema: public; Owner: beacon
--

COPY public.beacon_mate_table (index, datasetid, chromosome, chromosomestart, chromosomepos, mate, matestart, matepos, reference, alternate, allelecount, callcount, frequency, "end") FROM stdin;
1	GRCh38:beacon_test:2030-01-01	2	321680	bnd_W	13	123459	bnd_X	G	G	0	0	0	123459
2	GRCh38:beacon_test:2030-01-01	13	123459	bnd_X	2	321680	bnd_W	A	A	0	0	0	321680
\.
